{"cameraMode":{"drawMode":0,"name":"Shaded","section":"Shading Mode"},"sceneLighting":false,"audioPlay":false,"sceneViewState":{"m_AlwaysRefresh":false,"showFog":true,"showSkybox":false,"showFlares":true,"showImageEffects":true,"showParticleSystems":true,"showVisualEffectGraphs":true,"m_FxEnabled":true},"in2DMode":false,"pivot":{"x":-0.8352370262145996,"y":-0.1316242218017578,"z":0.016411542892456056},"rotation":{"x":-0.10921184718608856,"y":-0.8702413439750671,"z":0.2235165238380432,"w":-0.42520850896835329},"size":3.345601797103882,"orthographic":false}