{"cameraMode":{"drawMode":0,"name":"Shaded","section":"Shading Mode"},"sceneLighting":false,"audioPlay":false,"sceneViewState":{"m_AlwaysRefresh":false,"showFog":true,"showSkybox":false,"showFlares":true,"showImageEffects":true,"showParticleSystems":true,"showVisualEffectGraphs":true,"m_FxEnabled":true},"in2DMode":false,"pivot":{"x":3.619652509689331,"y":1.175371527671814,"z":0.650769829750061},"rotation":{"x":0.005456004291772842,"y":0.9775721430778503,"z":-0.20898525416851045,"w":0.025521468371152879},"size":1.1897881031036378,"orthographic":false}